emp_id,manager_id,full_name,username,phone_number,job_role,work_location,salary
101,0,Michael Clark,MClark92,6085392503,IT Specialist,Phoenix,93757
102,0,Elizabeth Perry,EPerry33,4604071806,Data Engineer,St.Paul,94902
103,0,Christopher Gallegos,CGallegos37,7998768525,Web Developer,St.Paul,70770
104,0,Timothy White,TWhite27,6508519672,Business Analyst,Phoenix,94428
105,0,Paula Nicholson,PNicholson88,8563513711,IT Specialist,St.Paul,88697
106,0,Thomas Dalton,TDalton79,3373762387,Data Engineer,Hartford,82845
107,0,Bruce Walker,BWalker83,4911052872,Software Engineer,Hartford,108439
108,0,Anita Bender,ABender12,9241826287,Business Analyst,St.Paul,98605
109,0,Heather Hodges,HHodges24,3461613781,IT Specialist,Boston,105601
110,0,Debra Davis,DDavis88,9742479159,Web Developer,Boston,94254
1011,109,Joshua Roberts,JRoberts87,6806445911,Mechanical Engineer,Boston,71752
1012,104,Brenda Miller,BMiller57,9562905219,Business Analyst,Hartford,98817
1013,106,Samantha Daugherty,SDaugherty61,5189492468,Business Analyst,St.Paul,108464
1014,109,Julie Weaver,JWeaver63,5114168767,Software Engineer,St.Paul,77247
1015,108,Mrs. Susan Frye DVM,MSusan15,4460701297,Web Developer,Denver,72820
1016,104,Jennifer Chavez,JChavez63,2876745757,Data Engineer,St.Paul,109401
1017,106,Valerie Holmes,VHolmes5,6751597906,Systems Analyst,Denver,90663
1018,108,Hannah Mitchell,HMitchell24,8984744512,Data Architect,St.Paul,91960
1019,106,Frank Shah,FShah65,6890885107,Business Analyst,Phoenix,101192
1020,101,Allen Thompson,AThompson25,8784269467,Systems Analyst,Hartford,84709
1021,104,Timothy Adams,TAdams82,1023838899,Data Architect,St.Paul,82589
1022,104,James Roberts,JRoberts43,7737137614,Systems Analyst,Denver,74041
1023,105,John Ho,JHo3,6494930002,IT Specialist,Boston,82672
1024,106,Kimberly Fry,KFry16,8918684413,Systems Analyst,Phoenix,88988
1025,101,Adam Curry,ACurry31,7088077864,Systems Analyst,Boston,89415
1026,105,Allen Cohen,ACohen71,6703826670,Data Engineer,St.Paul,89302
1027,101,Kenneth Lane,KLane75,5974928318,Data Architect,Phoenix,95118
1028,108,Annette Cooper,ACooper66,3570014305,Systems Analyst,Phoenix,85739
1029,105,Jessica Castaneda,JCastaneda81,2981148765,Systems Analyst,St.Paul,88141
1030,103,Anthony Williamson,AWilliamson38,5109990335,Data Architect,St.Paul,83081
1031,110,Nicholas Walton,NWalton27,9795294100,Data Engineer,St.Paul,83477
1032,102,Spencer Moran,SMoran2,9369459389,Web Developer,St.Paul,67162
1033,102,Samantha Fritz,SFritz7,7107432148,Mechanical Engineer,Boston,72842
1034,107,Charles Winters,CWinters86,4419766695,Web Developer,Phoenix,70182
1035,105,Lindsay Jones,LJones4,3248454605,Web Developer,Denver,68123
1036,107,Gregory Smith,GSmith65,8306745509,Business Analyst,Denver,108895
1037,104,Jeffrey Garcia,JGarcia61,4734808714,Data Engineer,Denver,85129
1038,107,Sabrina Fernandez,SFernandez66,1919425147,Mechanical Engineer,Boston,74792
1039,105,Edward Rogers,ERogers24,3073904091,Mechanical Engineer,Boston,102706
1040,104,Melissa Lee,MLee57,6243516877,Software Engineer,Phoenix,91984
1041,102,Haley Nelson,HNelson66,2567211339,Data Engineer,Phoenix,68579
1042,105,Elijah Bowen,EBowen25,2771415697,Web Developer,Denver,94013
1043,110,Jamie Houston,JHouston85,6732014268,IT Specialist,Boston,89302
1044,107,Jay Williams,JWilliams30,4595077741,Web Developer,Denver,104105
1045,105,Megan Smith,MSmith15,6113440263,Business Analyst,Denver,89298
1046,107,Catherine Mclaughlin,CMclaughlin56,9009687132,Web Developer,Boston,99677
1047,110,Holly Graham,HGraham82,3998087244,IT Specialist,Boston,87609
1048,106,Tara Gonzales,TGonzales37,9506543490,IT Specialist,Denver,78371
1049,104,Caitlyn Chang,CChang53,4275440258,Data Architect,Hartford,91848
1050,101,Randall Butler,RButler37,1661761262,IT Specialist,Hartford,75350
1051,107,Sarah Palmer,SPalmer23,3774344213,Business Analyst,Denver,86455
1052,102,Joel Shaw,JShaw94,6199869065,IT Specialist,Boston,100911
1053,101,Monica Peters,MPeters89,9503389654,Software Engineer,Boston,66163
1054,104,Carl Callahan,CCallahan83,7158323617,Software Engineer,Boston,89628
1055,102,Mark Ramirez,MRamirez82,3565839726,Data Architect,St.Paul,96632
1056,101,Cynthia Mccoy,CMccoy31,2580353980,Business Analyst,Boston,91926
1057,102,Gary Stephens,GStephens43,1962720642,Mechanical Engineer,Phoenix,84455
1058,109,Juan Fischer,JFischer25,2516801720,Data Engineer,Boston,109524
1059,107,Debra Greene,DGreene62,1403133980,Software Engineer,Boston,102774
1060,105,David Harris,DHarris4,7809911391,Mechanical Engineer,St.Paul,71162
1061,102,Bradley Mays,BMays66,2958014348,Data Architect,Denver,66772
1062,107,Virginia Chambers,VChambers14,4763391170,IT Specialist,Denver,91353
1063,108,Valerie Mitchell,VMitchell95,5671731347,Mechanical Engineer,Denver,84972
1064,110,Justin Schroeder,JSchroeder13,3680335213,IT Specialist,Phoenix,97936
1065,109,Anthony Clark,AClark85,7253765694,Systems Analyst,St.Paul,77231
1066,104,Daniel Allen,DAllen98,7222187277,IT Specialist,Phoenix,98554
1067,108,Charles Carr,CCarr48,8374345226,Mechanical Engineer,Hartford,104329
1068,103,Rachel Love,RLove77,8613669982,Web Developer,Denver,93920
1069,101,Jerry Ortiz,JOrtiz32,1403284164,Systems Analyst,Boston,92059
1070,102,Patricia Palmer,PPalmer18,6097495645,Software Engineer,Boston,93748
1071,107,Brian Anderson,BAnderson93,1646191244,Mechanical Engineer,Denver,77061
1072,107,Jonathan Moore,JMoore74,9876809409,Web Developer,Boston,82949
1073,106,Jonathan Jarvis,JJarvis29,2265289814,Data Architect,Hartford,72192
1074,102,Michael Cowan,MCowan63,2309850369,Mechanical Engineer,Denver,74419
1075,102,Heidi Patterson,HPatterson78,5781630543,Business Analyst,Phoenix,108223
1076,105,Janet Allen,JAllen74,9455588464,Web Developer,Phoenix,97285
1077,101,Theresa Mendoza,TMendoza98,4266400944,Data Architect,Boston,81349
1078,107,Robert Martinez,RMartinez41,2873033571,Software Engineer,Hartford,97478
1079,105,Shannon Smith,SSmith65,2629251525,Data Engineer,St.Paul,109415
1080,102,Marvin Smith,MSmith45,8256472943,Software Engineer,Denver,75778
1081,101,Belinda Vasquez,BVasquez52,4065064477,Mechanical Engineer,St.Paul,100657
1082,102,Laura White,LWhite43,2575724844,Business Analyst,Phoenix,88638
1083,102,Tonya Townsend,TTownsend70,3670845827,Business Analyst,Hartford,87461
1084,109,Jennifer Gonzales,JGonzales72,6338594022,Data Engineer,St.Paul,85630
1085,101,Allen Randall,ARandall100,4066163176,IT Specialist,Phoenix,101425
1086,109,Shelia Kim,SKim59,6782479007,Systems Analyst,Denver,102399
1087,109,Angela Terrell,ATerrell51,4957073824,Web Developer,St.Paul,79333
1088,108,Lauren Guerra,LGuerra66,7228175052,Business Analyst,Boston,68700
1089,104,Cynthia Knight,CKnight65,6016819899,Systems Analyst,Phoenix,97295
1090,102,Brian Adams,BAdams94,1927387206,Business Analyst,Denver,74565
1091,102,Tyler Gutierrez,TGutierrez6,6794625228,Software Engineer,Phoenix,94648
1092,107,William Rogers,WRogers28,3105434763,Business Analyst,Phoenix,82369
1093,106,Francisco Schneider,FSchneider92,5892758891,Data Architect,Hartford,109890
1094,106,Patrick Lawrence,PLawrence63,4601218691,Data Architect,Denver,81025
1095,103,Kevin Shaw,KShaw18,1936438111,Business Analyst,St.Paul,107992
1096,106,Mary Mccormick,MMccormick78,1628137612,Business Analyst,Phoenix,88771
1097,107,Elizabeth Jacobs,EJacobs19,2647471392,Business Analyst,Boston,109088
1098,106,Peter Kennedy,PKennedy96,1921443842,Software Engineer,Boston,76139
1099,107,Jennifer Werner,JWerner78,4245429022,Business Analyst,Phoenix,77986
1100,109,Mr. Jerry Mitchell,MJerry40,4685158740,Business Analyst,Boston,90330
1101,108,Brandy Phillips,BPhillips76,6669236436,Systems Analyst,St.Paul,65695
1102,106,Ryan Adams,RAdams14,5682299805,Data Engineer,St.Paul,98356
1103,109,Gregory Schmidt,GSchmidt39,5585140050,Web Developer,Denver,85468
1104,110,Jennifer Cole,JCole97,4390017971,Software Engineer,St.Paul,90264
1105,103,Danny Parker,DParker59,9225704415,Software Engineer,Hartford,103107
1106,110,James Barnes,JBarnes86,2088747980,Data Architect,Boston,107412
1107,105,Erika Mccoy,EMccoy3,9974742745,Data Architect,Phoenix,95171
1108,102,Anna Jones,AJones13,7571460328,Systems Analyst,St.Paul,85817
1109,108,Natalie Lee,NLee72,2099352281,Data Engineer,Boston,92485
1110,106,Tammy Price,TPrice35,3036333219,Business Analyst,Phoenix,108131
1111,105,John Williams,JWilliams10,7944426669,IT Specialist,Boston,102929
1112,103,Michelle Garcia,MGarcia32,5157288311,IT Specialist,Hartford,85508
1113,109,Ernest Robbins,ERobbins53,3621861287,IT Specialist,Boston,101590
1114,110,Scott Bridges,SBridges22,9991020320,Systems Analyst,Phoenix,87877
1115,104,Gary Berry,GBerry36,6666918860,Business Analyst,Denver,101948
1116,106,Elizabeth Mora,EMora58,2455533893,Web Developer,St.Paul,109372
1117,109,Kenneth Smith,KSmith6,5324597944,Data Architect,St.Paul,74117
1118,106,Tracy Watson,TWatson28,7569699232,Business Analyst,Hartford,86799
1119,101,Yolanda Flores DDS,YFlores7,5703285826,IT Specialist,Boston,89267
1120,106,John Cox,JCox6,9982125820,Mechanical Engineer,Phoenix,65251
1121,107,Bob Hickman,BHickman52,2331222879,Software Engineer,Hartford,88663
1122,101,Stephen Li,SLi13,1004360474,Business Analyst,Boston,92571
1123,109,Marcia Smith,MSmith42,3807049744,Software Engineer,Boston,74086
1124,107,Albert Larson,ALarson91,6035652744,Systems Analyst,St.Paul,97892
1125,104,Andrew Johnson,AJohnson29,2972984986,IT Specialist,Hartford,74493
1126,107,Mary Warren,MWarren95,5772421518,Business Analyst,Phoenix,84068
1127,106,Joyce Sharp,JSharp79,5025459462,Web Developer,Phoenix,79062
1128,104,Melissa Farley,MFarley65,2315077485,Data Engineer,Hartford,104672
1129,102,Edward Mccullough,EMccullough54,4797784323,Systems Analyst,St.Paul,102887
1130,108,Marcus Thomas,MThomas15,9419887994,Systems Analyst,Phoenix,75767
1131,105,Katrina Alvarez,KAlvarez3,2514834777,Data Engineer,Phoenix,103036
1132,108,Rachel Turner,RTurner73,6701173638,Systems Analyst,Phoenix,105334
1133,107,Jonathan James,JJames36,8486953257,Data Engineer,Phoenix,67349
1134,107,Larry Lee,LLee61,1202476981,Data Architect,Phoenix,95934
1135,104,Brandon Garner,BGarner93,5286587812,Data Engineer,St.Paul,69747
1136,109,Phillip Rogers,PRogers44,2505250970,Data Engineer,St.Paul,108696
1137,105,Mandy Gonzalez,MGonzalez82,4466160940,Web Developer,Denver,70727
1138,101,Ms. Sara Lloyd,MSara87,2134370746,Data Engineer,St.Paul,71561
1139,105,Tom Banks,TBanks26,3311118570,Data Engineer,Boston,102934
1140,102,Heidi Ibarra,HIbarra39,7687950055,Systems Analyst,Denver,107580
1141,103,Alyssa Molina,AMolina1,7148179165,Systems Analyst,St.Paul,99773
1142,109,Nancy Morton,NMorton30,3945298610,Business Analyst,Phoenix,95286
1143,102,Jason Coleman,JColeman88,9103008136,IT Specialist,St.Paul,74616
1144,103,Jessica Murray,JMurray22,1004516418,IT Specialist,Boston,90971
1145,103,Kelly Chavez,KChavez80,8515717335,Business Analyst,Hartford,76747
1146,103,Jennifer Nunez,JNunez13,7479630649,Data Engineer,Hartford,92293
1147,107,James Hardy,JHardy36,9939335381,Data Architect,Boston,99230
1148,104,Amanda Clark,AClark97,3842101020,Software Engineer,Denver,91455
1149,104,Samuel Schmidt,SSchmidt86,8148528853,Data Architect,Hartford,86894
1150,104,Michelle Fox,MFox97,2744151847,Mechanical Engineer,St.Paul,106580
1151,103,Samantha Robertson,SRobertson5,9051852839,Systems Analyst,Boston,97121
1152,109,Michael Ferguson,MFerguson97,2029278782,Software Engineer,Denver,95027
1153,103,Kelly Wallace,KWallace94,9088471117,Systems Analyst,Denver,73594
1154,102,Adam Harris,AHarris47,5629666154,Data Engineer,Boston,72135
1155,108,Timothy Barajas,TBarajas26,7913058667,Mechanical Engineer,Phoenix,85249
1156,105,Kevin Flynn,KFlynn12,9512218143,IT Specialist,Denver,100859
1157,102,Melissa Wheeler,MWheeler14,3822004683,Business Analyst,Phoenix,105471
1158,107,William Hall,WHall4,8454855629,Systems Analyst,Hartford,98782
1159,106,Lee Galvan,LGalvan67,2478686823,IT Specialist,Hartford,88349
1160,105,Richard Acosta,RAcosta57,5519001614,Data Architect,Phoenix,65955
1161,109,Tiffany Holmes,THolmes53,3591307815,Business Analyst,Hartford,67181
1162,103,Shirley Gonzalez,SGonzalez72,8111103203,Mechanical Engineer,St.Paul,106049
1163,103,Marie Barton,MBarton65,1878810415,Data Architect,St.Paul,76909
1164,109,Brooke Allen,BAllen33,2234525748,Business Analyst,Denver,78448
1165,101,Jennifer French,JFrench24,5051840690,Business Analyst,Boston,109692
1166,101,Chris Williams,CWilliams59,6089702768,Business Analyst,Phoenix,81986
1167,110,Patricia Baker,PBaker90,9386343138,Web Developer,St.Paul,66188
1168,101,Brittany Bauer,BBauer52,9404413003,Mechanical Engineer,Hartford,72476
1169,105,Jennifer Clay,JClay60,4527387159,IT Specialist,St.Paul,101143
1170,110,Brian Smith,BSmith37,7090421054,Mechanical Engineer,Hartford,96150
1171,104,Matthew Castillo,MCastillo100,8270360061,Business Analyst,Phoenix,107116
1172,102,Edward Johnson,EJohnson2,8212708480,Data Engineer,Boston,68143
1173,101,Joshua French,JFrench63,2227008054,IT Specialist,Denver,74221
1174,106,Dana Dunn,DDunn35,7762300101,Web Developer,Phoenix,71622
1175,109,Laura Morales,LMorales28,1490446021,Data Engineer,Boston,79465
1176,101,Joseph Malone,JMalone70,8867647663,Web Developer,St.Paul,70209
1177,108,Jennifer Garcia,JGarcia30,3434749976,Software Engineer,Boston,74501
1178,106,Samantha Juarez,SJuarez10,6535277252,Software Engineer,St.Paul,105351
1179,110,Christopher Nelson,CNelson17,7694617816,IT Specialist,Boston,81589
1180,102,Ashley Lawrence,ALawrence7,3611580590,Data Architect,Boston,106146
1181,101,Joshua Lopez,JLopez60,1924522388,Data Architect,Phoenix,82758
1182,105,Matthew Spence,MSpence68,5137743164,Mechanical Engineer,St.Paul,86933
1183,110,Jessica Villanueva,JVillanueva38,6374529491,IT Specialist,Denver,106655
1184,107,Amanda Murphy,AMurphy50,9796640412,Web Developer,Phoenix,87779
1185,104,Michael Ellis,MEllis34,9990059887,Web Developer,Denver,87912
1186,109,Tiffany Stevens,TStevens95,2771035705,Business Analyst,Denver,71876
1187,105,Ashley Wallace,AWallace58,4516549844,Data Engineer,Hartford,66854
1188,101,Nathaniel Reyes,NReyes9,1360431321,Business Analyst,St.Paul,96056
1189,103,Daniel Gray,DGray6,8899727559,IT Specialist,Boston,89552
1190,110,Brian Gonzalez,BGonzalez50,5844489701,Business Analyst,Boston,94711
1191,102,Paul Craig,PCraig5,5135869692,Business Analyst,Hartford,93680
1192,107,Joseph Turner,JTurner20,6885931937,Web Developer,Hartford,101734
1193,101,Mrs. Alexandra Burton,MAlexandra69,3907179832,Web Developer,St.Paul,94905
1194,102,Kaitlyn Mack,KMack50,6847545899,Data Architect,Hartford,92380
1195,109,Erik Luna,ELuna84,6149163862,Web Developer,Denver,68505
1196,106,Dakota Bowen,DBowen1,7649411509,Software Engineer,Hartford,86729
1197,107,Miss Janice Herring DDS,MJanice87,9039308208,Systems Analyst,St.Paul,81828
1198,104,Kathryn Patterson,KPatterson73,5531506991,Business Analyst,Hartford,87742
1199,103,Michelle Lewis,MLewis63,9532627813,Mechanical Engineer,Denver,72328
1200,102,Vickie Gregory,VGregory91,3809010388,Business Analyst,Hartford,66057
1201,105,Melanie Mason,MMason31,7357213580,Web Developer,Boston,94984
1202,104,Peter Mckee,PMckee76,1586142466,IT Specialist,Hartford,108663
1203,110,Michael Cervantes,MCervantes8,9607362634,IT Specialist,St.Paul,81244
1204,103,Mary Duarte,MDuarte55,6386213828,Software Engineer,Denver,104641
1205,104,Tony Roberts,TRoberts82,9063646814,Software Engineer,Boston,92520
1206,102,Sarah Smith,SSmith1,4781215614,Mechanical Engineer,St.Paul,89680
1207,106,Elizabeth Carter,ECarter24,3923135091,Systems Analyst,Hartford,67379
1208,109,Andrew Jennings,AJennings75,4627033288,Systems Analyst,Boston,81274
1209,109,Brian Bell,BBell3,8199626127,Systems Analyst,Boston,80430
1210,101,Charles Perez,CPerez34,9058575870,Systems Analyst,Hartford,81869
1211,102,Logan Mathews,LMathews3,2809027439,Web Developer,St.Paul,92321
1212,102,Michael Phelps,MPhelps87,4231268494,Systems Analyst,Denver,108113
1213,101,Mrs. Laura Harper,MLaura65,5581168306,Systems Analyst,Boston,107388
1214,106,Katherine Parker,KParker39,5612009780,Data Engineer,Boston,98237
1215,104,Wyatt Browning,WBrowning84,2666610513,Web Developer,Boston,66832
1216,101,Matthew Rivera,MRivera63,4856911001,Software Engineer,Hartford,102672
1217,103,Rachel Russell,RRussell66,9121285593,Systems Analyst,Phoenix,85635
1218,102,Micheal Alvarado,MAlvarado69,1555042453,Data Engineer,Phoenix,67597
1219,102,Thomas Walters,TWalters5,6782571038,IT Specialist,Phoenix,105927
1220,104,Sharon Reid,SReid80,6968088268,IT Specialist,Boston,104097
1221,110,Vicki Petersen,VPetersen100,7322476851,Software Engineer,St.Paul,108970
1222,107,Donald Williams,DWilliams73,3639357602,Data Engineer,Hartford,72500
1223,105,Tiffany Mendoza,TMendoza66,4365611447,Data Architect,Denver,81721
1224,105,Sabrina Stout,SStout97,7407959823,Data Engineer,St.Paul,78796
1225,102,Alicia Salinas,ASalinas92,5028221564,Business Analyst,Hartford,68608
1226,110,Joshua Castaneda,JCastaneda4,4268089405,Data Architect,Boston,108289
1227,103,Teresa Sanders,TSanders64,9759262107,Software Engineer,Denver,67919
1228,101,Norma Walters,NWalters8,1161676267,Software Engineer,Phoenix,87925
1229,109,Johnathan Kirk,JKirk66,4362771813,Data Architect,Phoenix,93219
1230,109,Brandon Johnson,BJohnson92,2119330927,Software Engineer,Boston,86563
1231,101,Victoria Parker,VParker24,9718230336,Mechanical Engineer,St.Paul,102033
1232,110,Christopher Stone,CStone50,5570748916,Data Architect,Hartford,81515
1233,104,Terry Martinez,TMartinez98,3124342966,Data Engineer,Boston,74714
1234,101,Cynthia Holland,CHolland54,2682722333,Mechanical Engineer,Denver,109679
1235,106,Lori Jackson,LJackson4,7014683526,Software Engineer,Boston,71717
1236,108,Taylor Austin,TAustin26,6520343122,Software Engineer,Phoenix,105711
1237,105,Mrs. Donna Sweeney MD,MDonna45,7099616009,Software Engineer,Boston,70815
1238,101,Emma Potter,EPotter80,2878402183,Data Engineer,St.Paul,106519
1239,110,Kendra Anderson,KAnderson68,6038352453,Data Architect,St.Paul,77631
1240,109,Erin Burns,EBurns65,3771469212,Data Architect,Denver,89060
1241,106,Wesley Hughes,WHughes48,4360772935,Mechanical Engineer,Hartford,104864
1242,106,William Smith,WSmith31,4481920677,Mechanical Engineer,Boston,92758
1243,108,Bryan Hunter,BHunter39,9122861332,Mechanical Engineer,Boston,76762
1244,105,Jason Ayala,JAyala14,3657940049,Business Analyst,Boston,71758
1245,110,Paul Anderson,PAnderson73,6774876372,Business Analyst,Denver,83749
1246,109,Lori Sanchez,LSanchez97,8425923628,Mechanical Engineer,St.Paul,87973
1247,109,Elizabeth Brown,EBrown31,5425037592,Business Analyst,Hartford,99683
1248,110,Todd Bauer,TBauer31,1272354511,Systems Analyst,St.Paul,104710
1249,101,Christina Escobar,CEscobar97,7115565155,Data Architect,Denver,90666
1250,102,Timothy Thompson,TThompson97,8178683416,Software Engineer,Hartford,80303
1251,102,William Barnett,WBarnett54,1707727921,Systems Analyst,Hartford,67977
1252,101,Robert Clark,RClark23,2624496225,Data Engineer,Denver,77422
1253,103,April Barrett MD,ABarrett12,7714491681,Data Architect,Hartford,99473
1254,106,Steven Ward,SWard33,3234947893,Web Developer,Phoenix,94435
1255,107,Sharon Kelly,SKelly57,2514489776,Software Engineer,St.Paul,100890
1256,105,Dr. Carol Hernandez,DCarol89,3609409107,IT Specialist,St.Paul,98534
1257,109,Todd Brown,TBrown48,3331146708,Web Developer,Boston,108763
1258,101,Steven Williams,SWilliams86,5661734437,Web Developer,Phoenix,103695
1259,104,Justin Wilkins,JWilkins75,5285501330,Data Engineer,Hartford,96597
1260,102,Michael Boyle,MBoyle6,8337362510,Web Developer,Phoenix,109030
1261,102,Brian Jimenez,BJimenez28,3357971683,Web Developer,Hartford,84268
1262,106,Lindsey Mata,LMata89,7103627037,Data Engineer,Phoenix,77538
1263,105,Caroline Mendez,CMendez15,3766361216,Mechanical Engineer,St.Paul,89549
1264,103,Steven Pineda,SPineda75,4109730200,Mechanical Engineer,St.Paul,88975
1265,108,Martin Walker,MWalker100,7680173547,Web Developer,Phoenix,103038
1266,110,Jose Henderson,JHenderson12,5615838793,Mechanical Engineer,St.Paul,77377
1267,103,Rachel Small,RSmall39,5301533406,Systems Analyst,Hartford,86672
1268,103,Vincent Simmons,VSimmons82,2183281825,Systems Analyst,Denver,96113
1269,109,Amy Martin,AMartin28,5549099951,Business Analyst,Hartford,70678
1270,107,Keith Wells,KWells3,6541322466,Data Architect,Hartford,74391
1271,110,Jimmy Matthews,JMatthews63,5880208546,Data Architect,Denver,102683
1272,107,Christina Rollins,CRollins25,3028750316,Business Analyst,Hartford,88318
1273,105,Teresa Anderson,TAnderson9,3418109793,Software Engineer,Boston,99065
1274,102,Amber Sherman,ASherman74,7109892029,Mechanical Engineer,Denver,78298
1275,107,Michael Payne,MPayne96,9288710728,Mechanical Engineer,Boston,83808
1276,110,Victoria Williams,VWilliams11,5974064002,IT Specialist,Phoenix,101082
1277,103,Jonathan Davis,JDavis29,5697072477,Software Engineer,Boston,91344
1278,110,Nicole Giles,NGiles68,5126527849,Business Analyst,Boston,70132
1279,101,Samantha Mendoza DDS,SMendoza33,3342274883,Software Engineer,Denver,66298
1280,109,Amy Schneider,ASchneider66,1744347077,Business Analyst,St.Paul,101233
1281,110,Adam Brown,ABrown74,3136943417,Software Engineer,St.Paul,66230
1282,104,Ronald Ramsey,RRamsey70,4164408708,Data Architect,Hartford,107928
1283,106,Deborah Williams,DWilliams76,4377358323,IT Specialist,Boston,73260
1284,108,Marcia Frey,MFrey60,7902002085,Software Engineer,Boston,67087
1285,110,Brandy Nelson,BNelson4,3035091130,Web Developer,Hartford,72930
1286,109,Karen Greene,KGreene29,8916349508,Data Engineer,Denver,101727
1287,105,Linda Diaz,LDiaz85,8488616984,Web Developer,St.Paul,78525
1288,102,Brandon Mendez,BMendez89,3563020718,Mechanical Engineer,Hartford,70027
1289,102,Cheryl Shelton,CShelton93,8620713443,Web Developer,Denver,77861
1290,104,Kristine Abbott,KAbbott46,8457473641,Data Engineer,Denver,69758
1291,109,Donna Schneider,DSchneider78,6432890015,Data Engineer,Hartford,91961
1292,109,Michael Krause,MKrause14,4041769590,Software Engineer,Denver,98976
1293,106,Kathleen Moran DDS,KMoran67,4515455126,Systems Analyst,Phoenix,89512
1294,108,Samuel Rojas,SRojas33,9592758231,Data Engineer,Phoenix,102361
1295,109,Mitchell Yu,MYu9,6293693045,IT Specialist,St.Paul,91317
1296,109,Jared Miller,JMiller68,7123912945,Software Engineer,Boston,68527
1297,102,Craig Reynolds,CReynolds5,3003463176,IT Specialist,Boston,88770
1298,110,Briana Green,BGreen54,8766422342,IT Specialist,Denver,108050
1299,102,Heather Hanson,HHanson54,1864846885,Mechanical Engineer,Phoenix,82356
1300,108,Kimberly Carson,KCarson58,8881550362,Software Engineer,Boston,84478
1301,101,Kimberly Cantu,KCantu38,2125411351,Software Engineer,Phoenix,76236
1302,108,Jared Conrad,JConrad98,2293506445,Data Engineer,Boston,105277
1303,110,Jennifer Giles,JGiles20,7847690522,Business Analyst,Phoenix,80907
1304,104,Jonathan Robinson MD,JRobinson95,6721286083,Business Analyst,Hartford,79175
1305,101,Ashley Wilson,AWilson73,3888509498,Web Developer,Hartford,73712
1306,109,Samuel Gonzalez,SGonzalez79,1425447976,IT Specialist,Hartford,71367
1307,106,Leah Brooks,LBrooks99,6210254955,Systems Analyst,St.Paul,72609
1308,109,Brett Collins,BCollins97,9539685024,Data Engineer,Phoenix,105028
1309,105,Diana Perry,DPerry28,4482548916,Mechanical Engineer,Hartford,104184
1310,105,Jeremiah Fitzpatrick,JFitzpatrick59,4621040251,Software Engineer,St.Paul,91608
1311,105,Gary Zamora,GZamora62,2531864797,Business Analyst,Denver,72738
1312,110,Devin Jenkins,DJenkins95,8755061028,Business Analyst,Phoenix,107084
1313,110,Louis Cameron,LCameron38,6402179541,Data Engineer,Hartford,89537
1314,102,Jasmine Brown,JBrown40,3437531273,Data Engineer,Boston,86264
1315,109,Margaret Velez,MVelez31,2763562709,Software Engineer,Phoenix,75107
1316,107,Diana Patterson,DPatterson30,7322976286,Software Engineer,Phoenix,83241
1317,102,Christopher Walls,CWalls91,3929584618,Web Developer,St.Paul,90095
1318,101,Richard Sullivan,RSullivan52,4376911774,Systems Analyst,Hartford,84825
1319,106,Sydney Lane,SLane4,7233947212,IT Specialist,Boston,74285
1320,102,John Anderson,JAnderson54,6860742722,Data Engineer,Hartford,105261
1321,109,Paula Brown,PBrown34,3140467905,Web Developer,Phoenix,69844
1322,107,Randall Rogers,RRogers82,1820467929,Business Analyst,St.Paul,65595
1323,101,Susan Vaughn,SVaughn99,5954967042,Business Analyst,Hartford,108672
1324,103,Deborah Gonzalez,DGonzalez43,5239793924,Mechanical Engineer,Hartford,109899
1325,110,Francis Hebert,FHebert72,5230677878,Systems Analyst,Denver,73982
1326,101,Charles Chen,CChen19,1666778498,Mechanical Engineer,Denver,104408
1327,107,Alan Thompson,AThompson43,9981323786,Mechanical Engineer,St.Paul,66594
1328,106,Linda Mccullough,LMccullough91,7555117323,Data Architect,St.Paul,93711
1329,101,Jacob Bell,JBell91,6498368308,IT Specialist,Phoenix,101317
1330,104,Amy Williams,AWilliams77,6959928081,Mechanical Engineer,St.Paul,101962
1331,103,Melissa Malone,MMalone98,2933033020,Data Architect,St.Paul,78793
1332,103,David Armstrong,DArmstrong40,3547353537,Software Engineer,Phoenix,109183
1333,104,Grace Reed,GReed63,7244538080,Business Analyst,Phoenix,66771
1334,110,Ryan Lopez,RLopez61,1138507875,IT Specialist,Boston,77570
1335,105,Sabrina Robbins,SRobbins33,8959857429,Web Developer,Hartford,75464
1336,105,Nicholas Ross,NRoss26,4546151437,Business Analyst,Boston,92235
1337,104,Mary Grant MD,MGrant9,5848621749,Data Engineer,Denver,74215
1338,101,Johnathan Shaw,JShaw18,8821863202,Business Analyst,Hartford,80819
1339,101,Daniel Santiago,DSantiago54,8877801940,Software Engineer,Boston,83651
1340,109,Robert Washington,RWashington44,4093858114,Web Developer,St.Paul,85303
1341,108,James Elliott,JElliott69,4451918881,Mechanical Engineer,Denver,90174
1342,104,Michelle Davis,MDavis64,5516111007,Mechanical Engineer,Boston,74573
1343,103,Dawn Armstrong,DArmstrong32,7790456169,Business Analyst,Boston,80779
1344,108,Ashley Long,ALong93,2989149176,Software Engineer,Phoenix,90792
1345,101,Gabriel Estes,GEstes31,9429601057,Software Engineer,Denver,86407
1346,102,Jason Beck,JBeck42,9045329074,Business Analyst,St.Paul,89136
1347,106,Phillip Cole,PCole17,8486764816,Data Architect,Phoenix,65013
1348,102,George Schneider,GSchneider8,4366781923,Web Developer,St.Paul,94759
1349,105,Nicole Williams,NWilliams66,5086483550,Data Engineer,Boston,109407
1350,103,Kelly Ramirez,KRamirez90,6468849076,Mechanical Engineer,St.Paul,83063
1351,101,Sherry Hernandez,SHernandez71,9227610156,Data Architect,Phoenix,94181
1352,102,Christine Hayes,CHayes37,1762603432,Systems Analyst,Phoenix,78680
1353,109,Deanna Huffman,DHuffman14,6829829503,Systems Analyst,Hartford,97763
1354,105,Mark Young,MYoung83,5025948669,Systems Analyst,Hartford,94486
1355,109,Robert West,RWest31,7877569859,Data Architect,Hartford,65241
1356,104,Jeremy Roberts,JRoberts13,9548798042,IT Specialist,Hartford,70718
1357,106,Karen Harvey,KHarvey31,5641539821,Data Engineer,Phoenix,103947
1358,109,John Montgomery,JMontgomery79,8120046196,Software Engineer,Boston,108281
1359,105,Debra Edwards,DEdwards59,6388451569,Software Engineer,Phoenix,67873
1360,108,Richard Weber,RWeber88,6070895638,Web Developer,Boston,89148
1361,110,James Rodriguez,JRodriguez90,6515256059,Systems Analyst,St.Paul,71326
1362,107,Rebecca Duncan,RDuncan90,5195632597,Web Developer,Phoenix,80913
1363,108,Austin Armstrong,AArmstrong75,6777956288,Data Architect,Boston,72205
1364,108,Carla White,CWhite19,5555054096,Software Engineer,Boston,75058
1365,110,Samuel Davila,SDavila45,7449127906,Mechanical Engineer,Phoenix,93523
1366,105,Zachary Callahan,ZCallahan79,1103669481,Software Engineer,Phoenix,107961
1367,108,Jack Estes,JEstes27,6392663355,Systems Analyst,Denver,65694
1368,105,Scott Lara,SLara8,1481647816,Data Architect,St.Paul,80160
1369,106,Robert Hart,RHart92,1995262934,Systems Analyst,St.Paul,69263
1370,106,Paul Chavez,PChavez85,9655741378,Data Engineer,St.Paul,75303
1371,102,Brooke Williams,BWilliams34,1976099862,Systems Analyst,Denver,87013
1372,103,Sarah Walker,SWalker85,7750321141,Data Engineer,Phoenix,73627
1373,108,Pamela Allen,PAllen38,3416068850,Systems Analyst,Denver,106353
1374,103,Nancy Sawyer,NSawyer33,5891012081,IT Specialist,Hartford,86356
1375,103,Andrea Baker,ABaker21,7724411042,IT Specialist,Boston,70588
1376,101,Justin Rodriguez,JRodriguez76,7899847416,Software Engineer,Boston,68202
1377,109,David Jones,DJones79,7171549517,Web Developer,St.Paul,107617
1378,110,Alison George,AGeorge63,7774646827,Data Architect,Boston,67676
1379,102,Nichole Phillips,NPhillips7,2554661159,Data Engineer,Boston,90687
1380,103,Shane Russo,SRusso3,9177356565,Business Analyst,Hartford,83831
1381,101,Jordan Carroll,JCarroll59,5717753289,Software Engineer,Denver,78387
1382,110,Abigail Cobb,ACobb31,5147211670,Business Analyst,Phoenix,79765
1383,105,Vincent Walsh,VWalsh72,3989656130,Systems Analyst,St.Paul,109777
1384,102,Jonathon Gibson,JGibson26,6224213969,Software Engineer,Phoenix,72067
1385,105,Jennifer Scott,JScott21,2832015184,Web Developer,St.Paul,89560
1386,102,Barbara Haynes,BHaynes66,6691561602,Business Analyst,Phoenix,104411
1387,110,Brian Weaver,BWeaver8,2522257990,Systems Analyst,Boston,66314
1388,103,Jeffrey Ball,JBall39,5883471070,Mechanical Engineer,Boston,109500
1389,102,Julia Phillips,JPhillips94,8497464139,Software Engineer,Denver,103125
1390,102,Joanna Arnold,JArnold85,7165739753,Data Architect,Hartford,83941
1391,102,Colin Nguyen,CNguyen69,2239699894,Business Analyst,Hartford,96879
1392,102,Cynthia Mitchell,CMitchell72,6096365128,Data Architect,Phoenix,74007
1393,110,Christine Kelley,CKelley29,1077903103,Web Developer,Denver,94286
1394,110,Dylan Durham,DDurham13,5785391339,Business Analyst,Denver,106580
1395,101,Kristin Bernard,KBernard61,9790878941,IT Specialist,St.Paul,90638
1396,109,Margaret Henderson,MHenderson13,3341015615,Systems Analyst,St.Paul,84369
1397,107,Jessica King,JKing30,5707176337,IT Specialist,Hartford,107549
1398,107,Mary Spencer,MSpencer54,8749091017,Mechanical Engineer,Boston,101878
1399,104,Brian Kerr,BKerr80,9955038039,Software Engineer,St.Paul,89999
1400,107,Robert Banks,RBanks1,5240375655,Software Engineer,Hartford,105071
1401,101,Marcus Williams,MWilliams58,4405408382,Data Engineer,St.Paul,86168
1402,101,Alan Parker,AParker7,1869992457,Data Engineer,Denver,74920
1403,106,Amy Odonnell,AOdonnell29,4307820295,Data Engineer,St.Paul,108666
1404,108,James Chavez,JChavez25,9986555293,Business Analyst,Boston,76021
1405,104,Teresa Weber,TWeber51,5701339765,IT Specialist,Hartford,103411
1406,106,Mark Roth,MRoth47,8011462441,Data Engineer,Boston,101442
1407,107,Jennifer Gonzalez,JGonzalez46,1010400601,IT Specialist,Denver,75504
1408,110,Amanda Sparks,ASparks7,7112346823,Systems Analyst,Hartford,83003
1409,110,Diane Gonzalez,DGonzalez46,2238924845,Systems Analyst,Denver,71295
1410,107,Kendra Roberts,KRoberts31,2216561770,Data Engineer,Boston,109690
1411,110,Kenneth Swanson,KSwanson15,5404739699,Software Engineer,Hartford,96600
1412,104,Lucas Carroll,LCarroll86,5852852762,Systems Analyst,Denver,98140
1413,101,Stephanie Boyd,SBoyd80,5130508501,Software Engineer,Denver,99347
1414,104,Joseph Lane,JLane4,2137978254,IT Specialist,Phoenix,100256
1415,101,Matthew Martinez,MMartinez62,1680524131,IT Specialist,St.Paul,86024
1416,101,Joseph Baker,JBaker86,8870389428,IT Specialist,Boston,88970
1417,106,Shannon Martinez,SMartinez6,6237138507,Systems Analyst,Phoenix,95051
1418,104,Jeffrey Hancock,JHancock63,1469197434,Software Engineer,Hartford,88149
1419,104,Lindsay Sharp,LSharp50,4463873030,IT Specialist,Phoenix,87482
1420,108,Timothy Johnson,TJohnson5,6950905925,Mechanical Engineer,St.Paul,97772
1421,109,Mrs. Jennifer Lane,MJennifer66,5467844450,Mechanical Engineer,Boston,79604
1422,106,Melissa Gregory,MGregory31,5418046573,Data Engineer,St.Paul,80173
1423,102,Christopher Evans,CEvans82,2267105984,Data Architect,Phoenix,85226
1424,103,Susan Farrell,SFarrell29,3170351896,Systems Analyst,Denver,97768
1425,103,Cheryl Madden,CMadden46,7808652050,Data Architect,Denver,78952
1426,106,Darlene Rosales,DRosales58,4563249574,Mechanical Engineer,St.Paul,82916
1427,109,William Kaiser DDS,WKaiser98,6681500423,Data Architect,Boston,92880
1428,104,Catherine Glenn DDS,CGlenn100,1157490336,Data Engineer,Hartford,69724
1429,105,Kathleen Hamilton,KHamilton23,2173231410,Mechanical Engineer,Denver,86902
1430,108,Annette Reilly,AReilly34,3750506291,Data Engineer,Phoenix,69602
1431,103,Megan Chen,MChen9,3589609940,Business Analyst,Boston,98480
1432,102,Michael Wallace,MWallace17,3784122115,Web Developer,Boston,68652
1433,106,Renee Perkins,RPerkins10,9374734700,Data Architect,St.Paul,82587
1434,108,Elizabeth Guerrero,EGuerrero89,2351701286,Systems Analyst,Phoenix,106400
1435,110,Denise Levy,DLevy36,4856441435,Software Engineer,Hartford,106623
1436,106,Maurice Poole,MPoole47,6372161303,Software Engineer,Phoenix,108141
1437,108,Jessica Le,JLe11,5061225485,Systems Analyst,Boston,108238
1438,110,Amy Schmidt,ASchmidt40,5931465074,Software Engineer,St.Paul,88927
1439,106,Sandra Hood,SHood95,8634675581,Data Engineer,Phoenix,74598
1440,101,Breanna Griffith DVM,BGriffith47,3102076657,Data Engineer,Hartford,99862
1441,108,Christopher Bullock,CBullock84,9017904444,Systems Analyst,Denver,95080
1442,107,Kenneth Romero,KRomero77,3503572795,Data Architect,Boston,99250
1443,107,Matthew Davis,MDavis82,5445961726,Systems Analyst,St.Paul,106080
1444,105,Natasha Saunders,NSaunders35,2687881744,Systems Analyst,Phoenix,72918
1445,110,Suzanne Wilson,SWilson88,2974040440,Mechanical Engineer,St.Paul,90720
1446,106,Tony Olson,TOlson100,8714301859,Mechanical Engineer,Phoenix,79863
1447,104,Betty Zimmerman,BZimmerman23,8706347048,Mechanical Engineer,St.Paul,89633
1448,102,Jason Brown,JBrown67,7079320234,Software Engineer,Boston,103384
1449,103,Brenda Johnson,BJohnson82,3932592840,Business Analyst,Hartford,76187
1450,101,Charles Gomez,CGomez60,8680317283,Software Engineer,Phoenix,92112
1451,109,Kenneth Baker,KBaker54,6411354480,Data Architect,Boston,83866
1452,108,Lori Robertson,LRobertson69,8998247588,Mechanical Engineer,Phoenix,90874
1453,102,Diane Hammond,DHammond56,2737910798,Systems Analyst,Boston,81448
1454,101,John Hill,JHill33,3307127313,Data Architect,Hartford,87892
1455,109,David Dean,DDean61,8125821635,Software Engineer,Phoenix,79092
1456,108,Jeffrey Washington,JWashington67,3693985248,IT Specialist,Phoenix,81190
1457,101,Cassandra Mann,CMann24,9281092661,Software Engineer,Hartford,79177
1458,104,Robert Greene,RGreene85,4818300285,Business Analyst,Denver,73672
1459,106,Matthew Hawkins,MHawkins21,2662592466,Business Analyst,Phoenix,95046
1460,105,Tammy Johnston,TJohnston70,7643928830,IT Specialist,Boston,79706
1461,107,Andrew Salinas,ASalinas52,5562798077,IT Specialist,Phoenix,67950
1462,101,William Wallace,WWallace6,4783538940,Data Architect,Denver,76033
1463,105,Shawn Golden,SGolden95,2035190154,Data Architect,Hartford,68105
1464,107,Kenneth Reese,KReese16,8538862577,IT Specialist,Phoenix,107926
1465,107,Laura Jackson,LJackson44,2095452762,Data Architect,Boston,101268
1466,108,Kelsey Schmidt,KSchmidt44,2863304004,Web Developer,St.Paul,92909
1467,106,Roger Durham,RDurham53,6591532095,Systems Analyst,Hartford,71715
1468,104,Aaron May,AMay38,2260454190,Data Engineer,Denver,83445
1469,103,Lisa Perez,LPerez10,5976227816,Software Engineer,Hartford,77264
1470,105,Jeffrey Morris,JMorris25,9135241773,Business Analyst,Hartford,85640
1471,106,Eric Mckay,EMckay55,3825101192,Data Architect,St.Paul,99725
1472,104,Andrew Hall,AHall62,9034453774,Web Developer,Phoenix,80668
1473,104,Jeremiah Thompson,JThompson56,1880918274,Mechanical Engineer,Denver,69468
1474,109,Jason Graham,JGraham21,4587738065,Software Engineer,St.Paul,97785
1475,109,Caitlyn Sanchez,CSanchez56,7029029289,Data Architect,Phoenix,101353
1476,107,Nicolas White,NWhite23,3035410736,Business Analyst,Hartford,73173
1477,110,Dr. Jenna Jefferson MD,DJenna88,2485522208,Systems Analyst,Boston,88607
1478,109,Ashley Joseph,AJoseph65,8487329122,Business Analyst,Phoenix,89842
1479,104,Jeffrey Mitchell,JMitchell87,3342598255,IT Specialist,Denver,66130
1480,108,Marcus Stone,MStone89,6498226791,Mechanical Engineer,Phoenix,85663
1481,102,Roberto Harrell,RHarrell39,6322319557,IT Specialist,Denver,77923
1482,105,John Carter,JCarter30,7308700234,Mechanical Engineer,Denver,99778
1483,108,Danielle Stevens,DStevens47,7898126045,Data Engineer,Phoenix,104477
1484,104,Gregory Paul,GPaul11,4778760694,IT Specialist,Phoenix,95683
1485,104,Elizabeth Irwin,EIrwin27,9479619002,Systems Analyst,Boston,105270
1486,104,Michael Howard,MHoward75,3839412857,Systems Analyst,Phoenix,106506
1487,101,Dr. Jonathan Good,DJonathan38,2543645632,Systems Analyst,St.Paul,81337
1488,101,Nicole Allen,NAllen64,3207778438,Systems Analyst,Phoenix,96598
1489,110,Jessica Obrien,JObrien69,2310678758,Business Analyst,Phoenix,97414
1490,106,Evelyn Thomas,EThomas71,5597704951,Mechanical Engineer,St.Paul,90868
1491,106,Joel Norton,JNorton51,1330652607,IT Specialist,Phoenix,108338
1492,105,Andrew Hester Jr.,AHester29,2182634375,Business Analyst,Phoenix,88595
1493,108,Stephanie Novak,SNovak10,1035864607,Web Developer,Boston,67870
1494,102,Timothy Nielsen,TNielsen52,1669037353,Data Engineer,Hartford,84321
1495,102,Mark Robertson,MRobertson44,6165841008,Web Developer,Phoenix,97364
1496,105,Alicia Jackson,AJackson79,6550829406,IT Specialist,St.Paul,75060
1497,105,Antonio Berry,ABerry69,6764234480,Systems Analyst,Hartford,82458
1498,109,Anthony Romero,ARomero81,3670616868,Mechanical Engineer,Denver,81813
1499,103,Matthew Ferguson,MFerguson30,5865965727,Business Analyst,Boston,67239
1500,108,Michael Burnett,MBurnett10,1000275424,IT Specialist,Boston,79618
1501,103,Cheryl Scott,CScott47,5321258299,Web Developer,Denver,108123
1502,103,Jennifer Little,JLittle7,7746190817,Systems Analyst,Boston,65290
1503,107,Travis Merritt,TMerritt41,8358227271,Business Analyst,Boston,106825
1504,108,David Curtis,DCurtis87,6303852993,IT Specialist,St.Paul,67528
1505,103,Robert Nguyen,RNguyen99,4696176286,Mechanical Engineer,St.Paul,71874
1506,105,Ashley Faulkner,AFaulkner62,2740398002,IT Specialist,Hartford,95537
1507,102,David Price,DPrice8,2930150958,IT Specialist,Hartford,73629
1508,107,Anthony Donaldson,ADonaldson71,9930232882,Data Architect,Phoenix,73717
1509,107,Brett Morse,BMorse91,3951186431,Software Engineer,St.Paul,69622
1510,109,Matthew Carlson,MCarlson18,8378002909,Software Engineer,St.Paul,100119
1511,107,Eric King,EKing19,1108812826,Data Architect,Boston,67374
1512,101,Elizabeth Williams,EWilliams52,5659892474,Web Developer,Hartford,75626
1513,107,Tina Price,TPrice10,1577121466,Mechanical Engineer,Denver,99470
1514,107,Rebecca Jennings,RJennings57,9981720972,Business Analyst,Phoenix,95411
1515,107,Christina Savage,CSavage44,5768602859,IT Specialist,St.Paul,87331
1516,103,Kenneth Bullock,KBullock36,1275470961,Mechanical Engineer,Phoenix,96403
1517,110,Sherri Lane,SLane99,9850836219,Mechanical Engineer,Phoenix,68289
1518,101,Kelly White,KWhite66,3023552505,Data Architect,Boston,95142
1519,103,Angela Gibson,AGibson13,3231817160,Data Architect,Denver,108555
1520,108,Brian Carpenter,BCarpenter75,7357368650,Software Engineer,Phoenix,88146
1521,105,Micheal Foley,MFoley43,4303054799,Web Developer,St.Paul,95770
1522,101,Eric Sandoval,ESandoval98,5230024849,Data Engineer,Hartford,82091
1523,103,Michael Austin,MAustin42,1971469222,Business Analyst,Hartford,90944
1524,106,Jason Black,JBlack62,4717993951,Business Analyst,St.Paul,99244
1525,106,Michael Dickerson,MDickerson97,9081933180,Business Analyst,Denver,83772
1526,101,Samantha Graves,SGraves42,9159263356,IT Specialist,Phoenix,83676
1527,103,Rebecca Humphrey,RHumphrey85,7917134921,Web Developer,Denver,103310
1528,110,Travis Jenkins,TJenkins76,1183248017,Data Architect,Denver,76002
1529,108,Allison Hendrix,AHendrix74,6116013269,IT Specialist,Denver,99637
1530,102,Juan Gonzalez,JGonzalez89,4283905398,Data Engineer,Denver,71648
1531,108,Christopher Odonnell,COdonnell55,7564953488,IT Specialist,Boston,102316
1532,101,Michelle Sullivan,MSullivan59,2676126805,Mechanical Engineer,Boston,70357
1533,103,Crystal Ritter MD,CRitter54,6906227037,IT Specialist,Hartford,107907
1534,108,Carl Patterson,CPatterson92,5333338011,Mechanical Engineer,Denver,85034
1535,108,Michael Brown,MBrown44,1548623747,Mechanical Engineer,Hartford,102241
1536,107,Angela Henderson,AHenderson80,8322969183,Data Engineer,St.Paul,79926
1537,104,Barbara Franklin,BFranklin75,6362107887,Systems Analyst,St.Paul,83984
1538,109,Timothy Roy,TRoy79,5898773587,Business Analyst,Denver,82831
1539,102,William Webb,WWebb70,5672249663,Data Engineer,Denver,102108
1540,109,Katherine Gould,KGould86,7741401710,Software Engineer,Hartford,94873
1541,104,Sara Hill,SHill82,7532082815,Business Analyst,Phoenix,96779
1542,106,Robert Brown,RBrown18,7137871596,Mechanical Engineer,Phoenix,106042
1543,108,Hunter Nguyen,HNguyen81,8061939747,Web Developer,Hartford,73554
1544,105,Zachary Moore,ZMoore41,8625283318,IT Specialist,Phoenix,78758
1545,104,Ashley Lewis,ALewis67,4565827594,Software Engineer,Denver,75081
1546,110,Todd Evans,TEvans82,5782315084,Web Developer,Denver,79163
1547,105,Martha Mccoy,MMccoy12,4757302893,IT Specialist,Boston,87195
1548,104,Paul Wright,PWright65,7203477664,Business Analyst,Hartford,69955
1549,110,Kara Lozano,KLozano93,7091899943,Systems Analyst,Denver,89123
1550,109,Daniel Hughes,DHughes3,4189477169,Web Developer,St.Paul,97188
1551,106,Erika Matthews,EMatthews40,9519393651,Mechanical Engineer,St.Paul,68311
1552,108,Richard Taylor,RTaylor42,3829702555,Business Analyst,Phoenix,101391
1553,103,Tara Perkins,TPerkins31,3234086667,Data Architect,Hartford,91464
1554,108,Lauren Carter,LCarter85,2556926148,Mechanical Engineer,Hartford,70396
1555,109,Brittany Vance,BVance61,9633507546,IT Specialist,Phoenix,95288
1556,102,Michelle Smith,MSmith29,8752084199,Data Architect,Denver,107153
1557,101,Emma Raymond,ERaymond56,7149040030,Software Engineer,Boston,91765
1558,103,Lawrence Kim,LKim45,6584460921,Software Engineer,Boston,90153
1559,104,Kimberly Parker,KParker66,5880030171,Software Engineer,Phoenix,107568
1560,106,Timothy Hays,THays55,9695522710,IT Specialist,Denver,96200
1561,109,Suzanne Kramer,SKramer95,5552131878,Business Analyst,Hartford,67161
1562,107,Gregory Gilbert,GGilbert91,1513063322,Business Analyst,St.Paul,108822
1563,102,Jennifer Lane,JLane48,5198902669,Web Developer,Boston,95778
1564,103,Glenda Knight,GKnight98,6412779200,Mechanical Engineer,Hartford,66579
1565,107,Emily Pham,EPham23,9185777662,Software Engineer,St.Paul,88856
1566,110,Yesenia Clarke,YClarke1,5741889254,Data Engineer,Hartford,97237
1567,106,Billy Patterson,BPatterson52,7968470136,Web Developer,Boston,82285
1568,110,Chase Callahan,CCallahan59,2936134235,Data Engineer,St.Paul,77763
1569,105,Kara Carr,KCarr9,4768997053,Web Developer,Phoenix,77610
1570,105,Sydney Campos,SCampos64,7777123864,Software Engineer,Denver,101338
1571,108,Gabriella Sloan,GSloan54,2161320884,Data Engineer,Denver,71521
1572,109,Amy Pruitt,APruitt6,4353579908,Business Analyst,Denver,106350
1573,105,Phillip Baker,PBaker73,2993409013,Business Analyst,Boston,102905
1574,110,James Jones,JJones79,9254544894,Business Analyst,Phoenix,95989
1575,102,Maria Estes,MEstes39,1005399910,Data Engineer,Boston,93691
1576,105,Derek Richardson,DRichardson11,2129103273,IT Specialist,Hartford,97863
1577,108,William Medina,WMedina33,9465078478,Web Developer,Phoenix,78873
1578,101,John Tran,JTran90,6990795127,Systems Analyst,Boston,79651
1579,105,Mary Hudson,MHudson13,3049618179,Software Engineer,St.Paul,90225
1580,103,Lisa Reed,LReed68,6338848702,Software Engineer,St.Paul,82821
1581,104,Ebony Thornton,EThornton67,2696837037,Web Developer,Denver,106674
1582,107,Paul Coleman,PColeman37,9425635563,IT Specialist,Phoenix,83377
1583,105,Monique Wilson,MWilson54,2013391093,Mechanical Engineer,Boston,106885
1584,105,Nicole Hernandez,NHernandez39,9049546513,Data Engineer,St.Paul,84064
1585,105,David Martinez,DMartinez41,7178538461,Software Engineer,St.Paul,94426
1586,101,Deanna Gray,DGray71,4440907821,IT Specialist,St.Paul,65773
1587,110,Heather Thompson,HThompson8,4736699606,IT Specialist,St.Paul,97978
1588,104,Christopher Owen,COwen97,5034594630,Business Analyst,Denver,88058
1589,108,Monica Davenport DVM,MDavenport99,7680949033,Web Developer,Hartford,70090
1590,102,Matthew Ortega,MOrtega21,9286742801,Data Engineer,St.Paul,98985
1591,101,Jeremiah Klein,JKlein84,6830960727,Web Developer,St.Paul,108815
1592,106,Jacob Watson,JWatson43,6967669157,Mechanical Engineer,St.Paul,76363
1593,104,Ashley Collins,ACollins18,5110788140,Data Architect,Denver,71815
1594,108,Christopher Haynes,CHaynes62,2742993009,Software Engineer,Boston,85161
1595,109,Dawn Garza,DGarza11,3372369534,Data Architect,Hartford,104353
1596,109,Diana Padilla,DPadilla97,8397127621,Systems Analyst,Boston,69964
1597,101,Kevin Ramirez,KRamirez91,4182354092,IT Specialist,Hartford,97729
1598,108,Julie Walker,JWalker15,3517787903,Business Analyst,Phoenix,104612
1599,101,Amber Wallace,AWallace95,2058886763,Systems Analyst,Denver,98896
1600,101,Patricia Peck,PPeck20,9296687283,Web Developer,Denver,81604
1601,102,David Gould,DGould13,1456586083,Systems Analyst,Boston,108180
1602,107,Danny Ballard,DBallard64,8344418624,Mechanical Engineer,Hartford,82271
1603,110,Edward Hamilton,EHamilton98,8550769861,Data Engineer,Boston,104395
1604,103,William Wise,WWise70,2376479127,Data Architect,Denver,102034
1605,109,Joseph Davis,JDavis100,6342537747,Data Architect,Boston,92213
1606,109,Tiffany Kirby,TKirby35,4023629211,Software Engineer,Hartford,104235
1607,105,Nicole Williams,NWilliams77,6960318606,Data Engineer,Phoenix,71158
1608,108,Jesse Hamilton,JHamilton36,3658591905,Data Architect,Boston,85349
1609,104,Michael Jones,MJones48,1732673376,Software Engineer,Phoenix,105265
1610,105,Jennifer Wilson,JWilson22,6114855762,Data Architect,Phoenix,65076
1611,104,Luis Holmes,LHolmes58,2857951598,Mechanical Engineer,Boston,107797
1612,103,Maria Fisher,MFisher81,3185855268,IT Specialist,Hartford,89519
1613,101,Joseph Dominguez,JDominguez98,1594393974,Web Developer,Boston,85056
1614,105,Benjamin Hughes,BHughes48,2799822382,Data Engineer,Boston,69391
1615,103,Amy White,AWhite58,4608294700,Data Architect,Denver,105315
1616,107,Kevin Harrison Jr.,KHarrison90,7892887390,Data Architect,St.Paul,83909
1617,101,Wendy Cameron,WCameron62,3831054775,Business Analyst,Denver,95709
1618,105,Donald Brown,DBrown19,2893617466,Mechanical Engineer,Phoenix,82951
1619,110,Rachel Sanders,RSanders29,5000438009,IT Specialist,St.Paul,101444
1620,108,Jeff Morris,JMorris89,1714674553,Mechanical Engineer,Hartford,71947
1621,106,Curtis Young,CYoung1,6865808402,Data Architect,St.Paul,89863
1622,110,Wanda Mclaughlin,WMclaughlin35,9805924076,Web Developer,St.Paul,75184
1623,110,Candace Mitchell,CMitchell85,1126837541,Web Developer,St.Paul,75759
1624,104,Ashley Weeks,AWeeks84,8739745823,Data Engineer,Phoenix,73899
1625,102,Helen Burton,HBurton48,1869677748,Mechanical Engineer,St.Paul,104227
1626,105,Brenda Miller,BMiller8,8096247568,Data Architect,Denver,84199
1627,106,Mary Durham,MDurham85,3166559168,Software Engineer,Boston,98870
1628,110,Jesse Page,JPage95,1391623076,Data Architect,St.Paul,95940
1629,105,Valerie Davenport,VDavenport1,5763859175,Data Engineer,Boston,73188
1630,101,Mr. Brandon Watkins,MBrandon89,5856465081,Business Analyst,Boston,94332
1631,109,Darlene Roberts,DRoberts74,3351770537,IT Specialist,St.Paul,93940
1632,109,Wayne Christian,WChristian54,4321081098,Business Analyst,Hartford,80140
1633,102,Alex Gonzalez,AGonzalez72,1858978592,Data Engineer,Hartford,107348
1634,101,Danielle Allen MD,DAllen33,5149922026,Mechanical Engineer,Hartford,102025
1635,101,Mia Black,MBlack74,6630330706,Data Engineer,St.Paul,89074
1636,106,Laura Waller,LWaller39,2829180937,IT Specialist,Denver,88263
1637,109,Steven Baker,SBaker9,7497250174,Web Developer,Denver,91156
1638,107,Natalie Meyer MD,NMeyer9,6654146300,Data Engineer,Denver,98550
1639,106,Russell Jackson,RJackson4,9629532221,Business Analyst,St.Paul,91985
1640,109,Steven Brown,SBrown7,2451060700,Mechanical Engineer,Boston,72931
1641,107,Bruce Jacobs,BJacobs78,7795177073,Software Engineer,Phoenix,90353
1642,106,Hunter Myers,HMyers52,5667131174,Software Engineer,Denver,68577
1643,106,Douglas Wiley,DWiley47,8185361819,IT Specialist,Hartford,103825
1644,110,Alyssa Chang,AChang7,8078540122,Business Analyst,Hartford,103076
1645,105,Alejandro Abbott,AAbbott33,9930629356,Web Developer,Hartford,88639
1646,107,Nina Perez,NPerez71,5292745291,Mechanical Engineer,Phoenix,97361
1647,107,Amy Taylor,ATaylor37,1592672666,Software Engineer,Hartford,94832
1648,101,Rebecca Morse,RMorse63,6617724247,Web Developer,St.Paul,78444
1649,104,Shawn Escobar,SEscobar90,7957427437,Data Engineer,Hartford,84979
1650,109,Gabrielle Huerta,GHuerta37,3631256887,Data Engineer,Phoenix,65274
1651,102,Lisa Sanchez,LSanchez9,5144706215,Mechanical Engineer,Boston,104860
1652,110,James Reyes,JReyes59,3425973441,Mechanical Engineer,Denver,107508
1653,101,Nina Davis,NDavis8,3565490754,Data Engineer,Boston,85712
1654,104,Stephen Ritter,SRitter29,4146352792,Mechanical Engineer,Denver,109757
1655,103,Anthony Cummings,ACummings9,5745106607,Data Architect,Boston,104130
1656,101,Kelsey Newman,KNewman74,8770614857,Business Analyst,Phoenix,65881
1657,110,Mary Collins,MCollins73,5947840196,Data Architect,Hartford,107567
1658,102,Cynthia Leon,CLeon81,1625498059,Mechanical Engineer,Hartford,107925
1659,106,Todd Tran,TTran29,7142564494,IT Specialist,Phoenix,109445
1660,101,Dustin Jones,DJones80,3185305895,Mechanical Engineer,Phoenix,108647
1661,108,Rebecca Silva,RSilva24,7711084369,Business Analyst,Boston,94867
1662,108,Christopher Bradford,CBradford19,7375530385,Mechanical Engineer,St.Paul,83213
1663,101,Teresa Clark,TClark39,6803427946,Data Engineer,St.Paul,102102
1664,107,Jeremy Sanders,JSanders19,4005846259,IT Specialist,Boston,106499
1665,101,Denise Cruz,DCruz1,1558162354,Business Analyst,Denver,68707
1666,101,Natalie Flores,NFlores77,4230345547,Data Engineer,Boston,92536
1667,107,Jacob Arroyo,JArroyo24,6158585768,Business Analyst,Boston,77151
1668,105,Todd Hartman,THartman11,5856767059,Business Analyst,St.Paul,68332
1669,103,Brittany Baker,BBaker30,9630711619,Mechanical Engineer,Denver,96021
1670,105,Ruth Richard,RRichard93,6455533177,Mechanical Engineer,Hartford,92833
1671,103,Heidi Blankenship,HBlankenship26,8802110260,Web Developer,Denver,101124
1672,108,Christopher Goodman,CGoodman61,8572715499,Systems Analyst,Phoenix,108211
1673,109,Mark Johnson,MJohnson49,8251756497,IT Specialist,Boston,74402
1674,105,Gregory Greer,GGreer97,2269357670,Mechanical Engineer,Phoenix,103709
1675,105,Deborah Logan,DLogan82,1907898304,Business Analyst,Phoenix,106867
1676,108,Linda Lindsey,LLindsey93,1748640542,Data Engineer,Phoenix,71271
1677,102,Tracy Aguilar,TAguilar68,6960484178,Web Developer,Denver,94924
1678,102,Lisa Lewis,LLewis1,9976497497,IT Specialist,Boston,85696
1679,102,Evan Hampton,EHampton21,4432626108,Web Developer,St.Paul,82325
1680,108,Chelsea Fletcher,CFletcher31,3136824667,Web Developer,St.Paul,99520
1681,107,Kaitlin Joyce,KJoyce56,4429897696,Business Analyst,Boston,82928
1682,106,Tiffany Hansen,THansen58,3333146247,Business Analyst,Hartford,69722
1683,107,Nancy Macias,NMacias73,9262691284,Web Developer,Phoenix,98428
1684,102,Sierra Klein,SKlein91,1241011353,Data Architect,Denver,88909
1685,109,Alexandria Ellis,AEllis23,7087748162,IT Specialist,Hartford,67723
1686,105,Julie Long,JLong26,9082077420,Systems Analyst,Hartford,70537
1687,106,Dawn Mcbride,DMcbride46,2520625532,Software Engineer,Boston,83145
1688,110,Michael Hansen,MHansen13,2186236325,Business Analyst,Boston,68920
1689,109,Katherine Miranda,KMiranda18,3787867613,IT Specialist,St.Paul,89595
1690,110,Elizabeth Holt,EHolt75,8391287695,Systems Analyst,Boston,87754
1691,106,Connor Mccullough,CMccullough10,7519783322,Software Engineer,Hartford,85271
1692,104,Diana Roach,DRoach3,7435634407,Mechanical Engineer,Denver,93683
1693,106,Ellen Weber,EWeber17,6742942655,Data Architect,St.Paul,79188
1694,105,William Schaefer,WSchaefer43,4525783404,Data Architect,Boston,109193
1695,106,Steven Martinez,SMartinez22,5796593542,Business Analyst,Phoenix,108911
1696,104,Taylor Johnson,TJohnson47,8010354599,Business Analyst,Phoenix,71901
1697,107,Wanda Reynolds PhD,WReynolds5,1069384429,IT Specialist,Phoenix,68939
1698,103,Tammie Haynes,THaynes61,5425488365,Data Architect,Denver,91930
1699,106,Aaron Sullivan,ASullivan11,2022864161,Data Architect,Denver,88896
1700,104,Allen Watkins,AWatkins13,8502690568,Mechanical Engineer,Denver,84555
1701,103,Jay Parker,JParker56,3870404689,Data Architect,Boston,85861
1702,109,Sharon Thomas,SThomas4,1859513790,IT Specialist,St.Paul,106558
1703,109,Ashley Montgomery,AMontgomery71,1425216739,Mechanical Engineer,Denver,98248
1704,103,Richard Lopez,RLopez57,6721407500,Mechanical Engineer,Denver,80076
1705,102,Michelle Cortez,MCortez61,1910292191,IT Specialist,Hartford,83167
1706,108,Julie Barker,JBarker48,8169858168,Software Engineer,Denver,108596
1707,102,Dan Horn,DHorn23,9455799079,Data Engineer,Boston,73414
1708,108,Jennifer Casey,JCasey29,7901466557,Business Analyst,Phoenix,91741
1709,109,Lindsey Walters,LWalters77,2553134437,Software Engineer,Phoenix,72429
1710,103,Marco Morales,MMorales13,9391109200,Business Analyst,Boston,79392
1711,108,Scott Davis,SDavis58,9103512565,Systems Analyst,Phoenix,69062
1712,108,Patrick Harrison,PHarrison89,3586349203,Data Engineer,Denver,92114
1713,106,Sean Hayes,SHayes27,4166350591,Mechanical Engineer,St.Paul,98768
1714,105,Frederick Ortiz,FOrtiz16,7205176933,Web Developer,Denver,79762
1715,105,Kimberly Potts,KPotts92,8870589216,Software Engineer,Boston,69010
1716,102,Joy Rodriguez,JRodriguez87,7770153240,Systems Analyst,Denver,84691
1717,107,Walter Miller,WMiller76,7256338177,Business Analyst,Hartford,108347
1718,110,Elizabeth Martin,EMartin89,6511604444,Data Architect,St.Paul,107932
1719,107,John Moreno,JMoreno7,4989085291,Systems Analyst,St.Paul,88884
1720,109,Lisa Giles,LGiles78,3983917594,Mechanical Engineer,Hartford,105319
1721,110,Brooke Valenzuela,BValenzuela67,7475201904,Software Engineer,Denver,88424
1722,103,Joshua Rangel,JRangel10,4957438442,Business Analyst,St.Paul,77988
1723,103,David Stark,DStark78,6311805510,Software Engineer,Hartford,71922
1724,110,Christopher Boyd,CBoyd63,8988090711,Data Architect,Boston,75999
1725,103,Daniel Doyle,DDoyle89,5709897974,IT Specialist,Denver,109040
1726,105,Heather Jackson,HJackson93,6431604198,IT Specialist,Hartford,88841
1727,107,Ryan Lopez,RLopez73,5629550563,Business Analyst,Boston,91769
1728,105,Kayla Cunningham,KCunningham82,3304567968,IT Specialist,Phoenix,81403
1729,107,Eric Austin,EAustin17,9887011794,Systems Analyst,St.Paul,83520
1730,103,Dawn Morrison,DMorrison42,7407427095,Data Engineer,St.Paul,103961
1731,104,Jennifer Brown,JBrown7,9645626983,IT Specialist,Hartford,98548
1732,102,Anthony Ford,AFord69,7968319096,Data Engineer,Phoenix,97890
1733,105,Valerie Salas,VSalas85,2247885498,Systems Analyst,Boston,73274
1734,105,Daniel Miller,DMiller1,9023439623,Data Architect,Denver,104031
1735,102,Cassie Hughes,CHughes96,7310270192,IT Specialist,Boston,72738
1736,108,Robert Bryant,RBryant48,2952113644,Data Architect,Denver,105050
1737,109,Joseph Smith,JSmith40,2206865307,Mechanical Engineer,Hartford,104862
1738,110,Tyler Woods,TWoods50,2195791430,Software Engineer,St.Paul,77857
1739,104,Stacey Taylor,STaylor66,6941069437,Business Analyst,Phoenix,67451
1740,109,Christopher Chung,CChung12,4454087559,Systems Analyst,Hartford,66876
1741,102,Michael Gregory,MGregory38,6151061232,Systems Analyst,Hartford,102572
1742,104,Sara Watson,SWatson92,3418679830,Data Architect,Boston,80299
1743,110,Tracy Stephens,TStephens81,5881803997,Data Architect,Denver,73355
1744,110,Emily Phillips MD,EPhillips41,1481179292,IT Specialist,Denver,99918
1745,106,Paul Murray,PMurray32,5776690583,IT Specialist,Hartford,89007
1746,110,Henry Anderson,HAnderson92,1475558224,Business Analyst,Phoenix,102072
1747,107,Clinton Ryan,CRyan95,2626564901,Business Analyst,Boston,88496
1748,110,Jeremy Taylor,JTaylor79,2514509927,Mechanical Engineer,Phoenix,66453
1749,109,Bonnie Sexton,BSexton77,6139743790,Business Analyst,St.Paul,103236
1750,109,Antonio Welch,AWelch83,8786568418,Software Engineer,Denver,66182
1751,103,Michael Coffey,MCoffey60,6558336288,Mechanical Engineer,Boston,94180
1752,105,Daniel Taylor,DTaylor76,4199618064,IT Specialist,Phoenix,67865
1753,106,Andrew Sheppard,ASheppard88,5483967222,Software Engineer,Phoenix,77323
1754,103,Sara Becker,SBecker68,5518545047,Data Architect,Phoenix,89214
1755,101,Christopher Lee,CLee69,5819673661,Systems Analyst,Boston,83064
1756,102,Bryan Deleon,BDeleon83,6506368716,Data Architect,Denver,98135
1757,102,Richard Keller,RKeller44,2206699658,Data Engineer,Boston,95865
1758,110,Christine Taylor,CTaylor67,1886919163,Web Developer,Hartford,91349
1759,102,Charles Bond,CBond90,3890027936,Mechanical Engineer,Denver,108951
1760,105,Stephen Elliott,SElliott36,6175599837,Web Developer,Phoenix,106018
1761,106,Tiffany Thomas,TThomas28,6620829575,IT Specialist,Denver,82651
1762,104,Eric Taylor,ETaylor79,3257468987,Systems Analyst,Denver,82106
1763,106,Jordan Ramirez,JRamirez30,6127474692,Data Engineer,Phoenix,91131
1764,104,Kimberly Cole,KCole30,9318080453,Systems Analyst,Denver,70105
1765,109,Ronald Noble,RNoble50,8140117638,Business Analyst,Denver,77739
1766,105,Joseph Smith,JSmith22,9243344399,Data Engineer,Phoenix,73481
1767,108,Kristie Campbell,KCampbell22,5551717671,Web Developer,Phoenix,75686
1768,101,Robert Miller,RMiller16,5220112273,Mechanical Engineer,Phoenix,77146
1769,106,Adam Wheeler,AWheeler74,5003300553,Web Developer,Phoenix,88104
1770,103,Sabrina Wheeler,SWheeler27,9762103662,Software Engineer,Phoenix,81623
1771,101,Christine Casey,CCasey58,7588556688,Systems Analyst,Phoenix,95421
1772,104,Justin Patel,JPatel71,9240620124,Data Engineer,Phoenix,76886
1773,106,Mary Martinez,MMartinez12,1133170870,IT Specialist,Hartford,91815
1774,106,John Morales,JMorales34,5600791985,Data Architect,Phoenix,94180
1775,105,Kelli Clark,KClark97,1892676232,Business Analyst,Hartford,71455
1776,103,Charles Brown,CBrown24,4206346347,Business Analyst,Boston,68795
1777,108,Tyler Schaefer,TSchaefer74,2059632211,Mechanical Engineer,St.Paul,107610
1778,103,Kayla King,KKing7,4370906078,Web Developer,Hartford,66092
1779,104,Victoria Mason,VMason95,4683859920,Mechanical Engineer,Hartford,71021
1780,108,Stephanie Bell,SBell63,3390353932,Data Architect,St.Paul,73823
1781,107,Danielle Rasmussen,DRasmussen42,5890125033,Mechanical Engineer,Phoenix,66194
1782,106,Anna Lindsey DVM,ALindsey37,7964360102,Data Engineer,Denver,86967
1783,102,Angela Baker,ABaker1,1461240437,Mechanical Engineer,Phoenix,88685
1784,110,Jennifer Rich,JRich21,8473996319,Software Engineer,St.Paul,94848
1785,104,Jessica French,JFrench29,9096329328,Mechanical Engineer,Boston,109458
1786,105,Brenda Ward,BWard92,1435415945,Mechanical Engineer,St.Paul,92297
1787,102,Amy Crawford,ACrawford95,9610615354,Mechanical Engineer,Hartford,90937
1788,106,Robert Lopez,RLopez79,3919820749,IT Specialist,Boston,102026
1789,110,Michael Harrington,MHarrington60,4563617734,Web Developer,Hartford,71641
1790,104,Rebecca Bell,RBell64,1576031468,Systems Analyst,St.Paul,81187
1791,107,Jason Johnston,JJohnston66,2611877398,IT Specialist,Boston,106800
1792,104,Howard Robinson,HRobinson70,3881746058,Software Engineer,Denver,82131
1793,110,Ellen Stevenson,EStevenson34,6849891224,Business Analyst,St.Paul,65539
1794,102,Marie Phillips,MPhillips79,1736097300,IT Specialist,St.Paul,88020
1795,108,Patricia Kline,PKline86,7499705353,Data Architect,Boston,87592
1796,107,Tracy Brock,TBrock76,3213524135,Business Analyst,Hartford,107030
1797,102,Amber Reed,AReed42,3929025264,Mechanical Engineer,Hartford,90250
1798,103,Angela Skinner,ASkinner38,6372103387,Software Engineer,Phoenix,91785
1799,106,Mark Brooks,MBrooks50,5504854401,Software Engineer,Hartford,92481
1800,109,Michael Glass,MGlass5,8806621491,Data Engineer,Denver,88108
1801,103,Nichole Lee,NLee91,8544804470,Business Analyst,St.Paul,87953
1802,103,David Jackson,DJackson9,4992812498,Systems Analyst,Phoenix,85817
1803,108,Stephanie Smith,SSmith35,2171013025,Mechanical Engineer,Phoenix,103915
1804,109,Benjamin Graham,BGraham47,5497793052,Data Architect,Hartford,89633
1805,107,Daniel Lozano,DLozano26,6391065207,Software Engineer,Boston,95827
1806,105,Don Sanchez,DSanchez52,6890213087,Systems Analyst,Boston,88704
1807,101,Courtney Farmer,CFarmer52,5837904032,Mechanical Engineer,Phoenix,99446
1808,103,Kimberly Moore,KMoore74,6379071891,Systems Analyst,St.Paul,75090
1809,105,Kevin Smith,KSmith92,2367787402,Data Engineer,St.Paul,80483
1810,107,Sara Ramos,SRamos91,3979561708,Data Architect,Phoenix,71021
1811,107,Brett Bridges,BBridges47,8832569220,Systems Analyst,Boston,79606
1812,102,Alex Bates,ABates68,4268301125,Data Engineer,St.Paul,86721
1813,109,John Sutton,JSutton7,2868672714,IT Specialist,St.Paul,102687
1814,102,David Matthews,DMatthews98,5162857677,Mechanical Engineer,Hartford,80501
1815,109,Jorge Marsh DVM,JMarsh40,6237346546,Systems Analyst,Phoenix,75465
1816,109,Dwayne Smith,DSmith54,8620760695,Systems Analyst,Hartford,89164
1817,103,Taylor Santos,TSantos73,2838751190,IT Specialist,Hartford,71501
1818,108,James Fox Jr.,JFox79,2026577206,IT Specialist,St.Paul,68617
1819,103,Steven Smith,SSmith34,7157120191,Data Engineer,Boston,101143
1820,109,Jeremy Wagner,JWagner62,8033134004,Data Architect,St.Paul,79591
1821,106,Maria Brown,MBrown5,6256393777,Software Engineer,Hartford,87165
1822,105,William Robinson,WRobinson27,2399364951,Software Engineer,Phoenix,82330
1823,104,Gary Moody,GMoody95,1743467287,Software Engineer,St.Paul,97197
1824,108,Tonya Williams,TWilliams36,5381164903,Mechanical Engineer,Denver,88393
1825,103,Timothy Brown,TBrown84,8198046166,Mechanical Engineer,St.Paul,66531
1826,109,Aaron Crawford,ACrawford28,2789009511,Data Engineer,Hartford,92224
1827,105,Lawrence Lewis,LLewis31,3881207445,Data Engineer,Phoenix,67673
1828,108,Zachary Johnson,ZJohnson94,8269772668,Business Analyst,Boston,66006
1829,105,Raymond Dean,RDean74,7123497757,Systems Analyst,Denver,76689
1830,109,Amanda Powell,APowell36,9568445880,Data Architect,Phoenix,87891
1831,102,Robert Harris,RHarris39,2036650466,Data Architect,Boston,109675
1832,110,Sean Evans,SEvans17,1142660113,Data Architect,Boston,74326
1833,110,Eric Lopez,ELopez46,3375407426,Data Architect,Hartford,97667
1834,108,Jackson Clements,JClements74,8918729517,Systems Analyst,Denver,101473
1835,110,William Huynh,WHuynh43,1135774168,Business Analyst,Phoenix,109944
1836,110,Walter Morris,WMorris21,3072935470,Data Architect,Hartford,103558
1837,101,Bonnie Olsen,BOlsen100,2487300913,Software Engineer,St.Paul,71363
1838,108,Marissa Dominguez,MDominguez52,1218991061,IT Specialist,Denver,79564
1839,103,Patrick Martinez,PMartinez93,5332810789,Web Developer,St.Paul,83455
1840,101,Robert Underwood,RUnderwood23,4455867311,IT Specialist,Phoenix,104253
1841,108,Andrew Moses,AMoses29,6842903229,IT Specialist,Hartford,104316
1842,102,Katherine Morgan,KMorgan53,4272120323,Mechanical Engineer,Boston,70662
1843,108,Courtney Rodriguez,CRodriguez76,5247506853,Systems Analyst,Boston,103695
1844,102,Tonya Smith,TSmith30,8695371588,Web Developer,Boston,103109
1845,104,Brittany Brown,BBrown27,6860343135,Business Analyst,Hartford,77526
1846,109,Amber Smith,ASmith75,7478008298,Business Analyst,Hartford,90280
1847,101,William Houston,WHouston70,8417855532,Data Engineer,Boston,103450
1848,104,Amy Schwartz,ASchwartz39,2328288943,IT Specialist,Denver,90425
1849,102,Jeffrey Harris,JHarris76,6102407122,Web Developer,Boston,91371
1850,109,Donna Wagner,DWagner98,3095111797,IT Specialist,Denver,69620
1851,105,Jennifer Wright,JWright2,2612994691,Mechanical Engineer,Phoenix,76449
1852,109,Dawn Sullivan,DSullivan6,7103824894,IT Specialist,Denver,100821
1853,110,Nicole Adams,NAdams47,2041120766,Data Architect,Boston,104799
1854,110,Brandon Gonzalez,BGonzalez32,6719180443,Systems Analyst,Hartford,106506
1855,105,Melissa Adams,MAdams5,2075915649,Web Developer,Boston,96320
1856,105,Tiffany Jackson,TJackson56,3175853595,Mechanical Engineer,Hartford,92791
1857,101,Cynthia Norris,CNorris86,7330149088,Systems Analyst,Boston,94478
1858,103,Vanessa Daniels,VDaniels47,3412546470,Software Engineer,Boston,107137
1859,110,Stephanie Johnson,SJohnson71,8651061778,IT Specialist,Hartford,86375
1860,102,Ms. Darlene Schaefer,MDarlene49,7828904418,Software Engineer,St.Paul,95810
1861,101,Brian Hall,BHall3,8091574835,Data Engineer,Boston,102347
1862,105,Christopher Lloyd,CLloyd81,5959458468,Systems Analyst,St.Paul,70726
1863,108,Monica Clark,MClark31,1587494041,Mechanical Engineer,Boston,94261
1864,110,John Patterson,JPatterson61,7282368669,Web Developer,Hartford,89196
1865,103,Eric Mcmahon,EMcmahon51,3218139920,Data Architect,Boston,71263
1866,105,Taylor Campbell,TCampbell90,2027736494,IT Specialist,Boston,95440
1867,110,Julie Rojas,JRojas93,5662190611,Software Engineer,Phoenix,105086
1868,108,Amber Drake,ADrake3,6814696464,Data Architect,St.Paul,87574
1869,106,Stephen Cook,SCook52,2866999513,IT Specialist,Denver,79419
1870,102,Joseph Li,JLi44,5811970299,Systems Analyst,Phoenix,94203
1871,109,Timothy Holt,THolt25,9928007148,Systems Analyst,Denver,69771
1872,106,Tommy Levy,TLevy66,8291756498,Business Analyst,Boston,80454
1873,108,Patricia Branch,PBranch72,7060275819,Data Engineer,St.Paul,106413
1874,108,Rachel Walters,RWalters97,7056277078,Mechanical Engineer,Hartford,108803
1875,103,Jennifer Long,JLong56,2901420816,Software Engineer,St.Paul,75795
1876,101,Justin Johnson,JJohnson62,5182053173,Systems Analyst,Hartford,97457
1877,104,Michael Mccall,MMccall43,4398312212,Web Developer,Hartford,103915
1878,109,Robert Bennett DDS,RBennett22,2663507094,IT Specialist,Boston,73983
1879,101,Oscar Rivas,ORivas38,9658429939,Systems Analyst,St.Paul,74886
1880,108,James Acevedo,JAcevedo44,1880897854,Systems Analyst,Boston,103185
1881,109,Amanda Carroll,ACarroll67,7142883316,Systems Analyst,Denver,98827
1882,106,Daniel Evans,DEvans24,6259398342,Data Architect,Hartford,108977
1883,101,Stacie Garcia,SGarcia5,4572946041,Software Engineer,Hartford,97811
1884,107,Richard Mcdowell,RMcdowell67,2044012789,Systems Analyst,Phoenix,79742
1885,110,Kevin Williams,KWilliams51,2710030462,Mechanical Engineer,Hartford,67724
1886,105,Mr. Andrew Robertson,MAndrew73,7955212327,IT Specialist,Hartford,69705
1887,102,Scott Reyes Jr.,SReyes23,6293165355,IT Specialist,Boston,88187
1888,101,Pamela Rodriguez,PRodriguez99,2773172164,Mechanical Engineer,Phoenix,77019
1889,110,Jennifer Miller,JMiller90,4378081072,Mechanical Engineer,Phoenix,86394
1890,103,Adam Arnold,AArnold78,9322459595,Data Engineer,Denver,75661
1891,110,Benjamin Jones,BJones87,3944470762,Data Engineer,Boston,99644
1892,109,David Baker,DBaker91,1587676945,IT Specialist,Boston,67062
1893,103,Melissa Travis,MTravis61,2497121530,IT Specialist,Denver,94137
1894,102,Laura Taylor,LTaylor62,2919783534,Systems Analyst,St.Paul,89731
1895,102,Gregory Williams,GWilliams58,8651546817,IT Specialist,Boston,73627
1896,106,Charles Cannon,CCannon49,9806115648,Data Architect,Denver,69825
1897,106,Nicholas Ward,NWard54,8642549048,Business Analyst,Hartford,70891
1898,107,Andrew Hudson,AHudson68,9219169273,Web Developer,Denver,90863
1899,107,Jenna Robinson,JRobinson55,1010150133,IT Specialist,St.Paul,67039
1900,108,Catherine Ramsey,CRamsey85,2983405197,Systems Analyst,Boston,100101
1901,106,Christopher Colon,CColon68,5460103528,Data Architect,Hartford,106281
1902,102,Michael Warren,MWarren61,3821924221,Systems Analyst,Hartford,98647
1903,105,Amanda Duran,ADuran82,5180484805,Web Developer,Denver,104764
1904,106,Michael Cortez,MCortez1,5811658032,Mechanical Engineer,Boston,91207
1905,108,Kristina Terry,KTerry90,9105013632,Data Engineer,St.Paul,71740
1906,105,Robert Robertson,RRobertson99,2296583786,IT Specialist,Boston,83687
1907,101,Mary Schwartz,MSchwartz42,1716017402,Mechanical Engineer,Boston,109155
1908,108,Travis Glover,TGlover59,9790124985,Business Analyst,Phoenix,95649
1909,110,Michael Freeman,MFreeman9,8867964385,Web Developer,Boston,103439
1910,104,Tyler Kelly,TKelly75,8621856345,Data Architect,Denver,73228
1911,104,Janice Liu,JLiu45,3567486624,Mechanical Engineer,Denver,77629
1912,110,David Perkins,DPerkins45,9797135274,IT Specialist,Denver,108180
1913,109,Kristin Williams,KWilliams82,8353584550,Software Engineer,Denver,81822
1914,101,Carlos Lane,CLane88,9226384717,Business Analyst,Phoenix,99940
1915,103,Keith Coleman,KColeman16,9229475859,Systems Analyst,St.Paul,101369
1916,110,Nicholas Case PhD,NCase16,7936952412,Systems Analyst,Hartford,88119
1917,104,Justin Thomas,JThomas56,2748154933,Mechanical Engineer,Phoenix,75242
1918,101,Robert Camacho,RCamacho30,7419407507,Data Architect,St.Paul,75690
1919,105,Kyle Cook,KCook99,3787546144,Web Developer,St.Paul,100174
1920,106,Emily Anderson,EAnderson78,7899799043,Software Engineer,Denver,93383
1921,105,Charles Hughes,CHughes56,5803570084,IT Specialist,Phoenix,91838
1922,106,Jorge Castillo,JCastillo63,5621917920,Data Architect,Denver,91156
1923,106,Jeremy Stafford,JStafford31,1039542167,Business Analyst,Boston,108176
1924,104,Christina Walker,CWalker85,4344905277,Business Analyst,Phoenix,100575
1925,101,Laurie Miller,LMiller96,5113280898,Data Architect,Denver,72625
1926,110,Roberto Mathis,RMathis24,7861767334,Web Developer,Boston,71943
1927,107,Evan Flores,EFlores95,6158559427,Systems Analyst,St.Paul,92644
1928,104,Alison Diaz,ADiaz40,4201759796,Data Architect,St.Paul,71937
1929,101,Joshua Acevedo,JAcevedo19,9796935334,Data Engineer,Boston,99587
1930,106,Kathryn Morgan,KMorgan94,3551073695,Data Architect,Phoenix,66225
1931,108,Julie Hughes,JHughes10,4228171230,Web Developer,St.Paul,91005
1932,103,Samuel Smith,SSmith32,3955923846,Mechanical Engineer,Denver,98443
1933,110,Tina Rose,TRose26,1298810991,IT Specialist,Denver,104631
1934,103,Marc Green,MGreen80,2318810463,Software Engineer,Denver,80017
1935,109,Chris Riley,CRiley99,4839221019,Systems Analyst,Boston,72139
1936,109,Tracy Christensen,TChristensen55,2673070073,Data Architect,Phoenix,69762
1937,107,Megan Marsh,MMarsh39,4373563291,Data Architect,Hartford,72252
1938,109,Jessica Rocha,JRocha2,5085723620,Web Developer,St.Paul,67783
1939,104,Natalie Li,NLi10,8432103721,Web Developer,Hartford,76042
1940,106,Samantha Howard,SHoward47,1230411200,Mechanical Engineer,Phoenix,78785
1941,102,John Schmidt,JSchmidt54,5530322110,Systems Analyst,Phoenix,91401
1942,105,Andrea Wright,AWright30,3099518013,Data Architect,Denver,101419
1943,103,Nicholas Luna,NLuna96,6056835050,Mechanical Engineer,Hartford,76217
1944,106,Julie Stewart,JStewart36,1680650028,Mechanical Engineer,Boston,81903
1945,106,William Duncan,WDuncan32,3546439476,IT Specialist,Hartford,101858
1946,109,Linda Davis,LDavis1,5524937370,Data Engineer,Hartford,97548
1947,108,Michelle Olson,MOlson41,7620757187,Data Engineer,Hartford,87494
1948,103,Michael Hill,MHill93,8990321312,Mechanical Engineer,Denver,75815
1949,102,Tyler Warner,TWarner92,7054665866,Mechanical Engineer,Hartford,100964
1950,108,Kim Bass,KBass6,8762023942,Systems Analyst,Phoenix,99617
1951,104,Kim May,KMay59,8859599612,IT Specialist,Phoenix,70126
1952,101,Angela Greene,AGreene13,6033296659,Business Analyst,Hartford,90814
1953,105,Joshua Davis,JDavis53,6262613633,IT Specialist,Hartford,74032
1954,106,Julie Holmes,JHolmes42,4762755846,Mechanical Engineer,Boston,74003
1955,103,Christopher Reed,CReed55,2826444884,Software Engineer,St.Paul,100787
1956,109,Susan Woods,SWoods14,5618675277,Web Developer,St.Paul,73943
1957,109,Deborah Sellers DDS,DSellers12,4917683112,Data Engineer,Hartford,68832
1958,110,Holly Phillips,HPhillips41,8752439810,Data Engineer,Hartford,97924
1959,108,Bradley Warner,BWarner58,5845052747,Systems Analyst,Boston,106235
1960,109,Timothy Smith,TSmith56,2425487965,Data Architect,St.Paul,86721
1961,107,Patrick Larson,PLarson54,1615153863,Software Engineer,Boston,65270
1962,108,Sheila Richards,SRichards46,4762369208,Software Engineer,Phoenix,94056
1963,106,Mark Reed,MReed41,5447621424,Mechanical Engineer,Hartford,107614
1964,110,Walter Sutton,WSutton64,6775829084,IT Specialist,Denver,68800
1965,107,Melanie Goodwin,MGoodwin29,6213207093,Software Engineer,Hartford,73098
1966,106,Kelly Washington,KWashington87,5688059270,Data Engineer,Boston,99203
1967,108,Robert Anderson DVM,RAnderson29,6345030242,Web Developer,Phoenix,75112
1968,101,Elizabeth Franklin,EFranklin29,6691723960,Business Analyst,Boston,68489
1969,107,Michael Houston,MHouston73,9016639225,IT Specialist,Phoenix,98060
1970,108,Jason Stevens,JStevens86,8698971660,Data Architect,Phoenix,98937
1971,103,John Wilson,JWilson35,7431250434,Business Analyst,Boston,80851
1972,110,Sandra Villanueva,SVillanueva59,9084971671,Web Developer,Phoenix,93317
1973,109,Robert Conrad,RConrad63,9061722940,Mechanical Engineer,Phoenix,102427
1974,106,Raymond Reid,RReid50,1575199675,Business Analyst,Boston,90077
1975,107,Jon Watts,JWatts63,9137854026,Systems Analyst,Denver,90030
1976,107,Charles Bryan,CBryan83,2830916270,Data Engineer,Hartford,99340
1977,110,Tiffany Marshall,TMarshall24,7937069969,Data Engineer,Boston,82335
1978,109,Laura Barker,LBarker21,5340984604,Software Engineer,Boston,98484
1979,106,Calvin Craig,CCraig20,9967112867,Data Architect,Phoenix,83321
1980,107,Sarah Powell,SPowell35,1085659029,Business Analyst,Denver,97213
1981,104,Michelle Chase,MChase53,9257412774,Business Analyst,Phoenix,78937
1982,105,Nicole Gray,NGray96,9551292320,Web Developer,St.Paul,68727
1983,107,Amanda Bridges,ABridges40,5376569502,Business Analyst,Denver,103902
1984,102,Ashley Martinez,AMartinez81,8358908645,Systems Analyst,Boston,92140
1985,108,Anthony Fisher,AFisher68,7942605296,Web Developer,Phoenix,89816
1986,109,Stephanie Castillo,SCastillo80,6754943822,IT Specialist,Phoenix,107874
1987,108,Rebecca Thompson,RThompson96,5698510782,IT Specialist,Denver,81161
1988,108,Rebekah Bailey,RBailey29,8375288879,Web Developer,Phoenix,89714
1989,104,Kyle Wilson,KWilson38,5162569995,Data Engineer,St.Paul,93434
1990,109,Sandra Bryant,SBryant12,7817045446,Data Engineer,Hartford,104830
1991,105,Lee Parrish,LParrish21,1816797476,Software Engineer,Boston,92843
1992,105,Tammy Fox,TFox64,5793585037,Mechanical Engineer,St.Paul,82825
1993,105,Tammy Hicks,THicks20,7579178506,Data Architect,Phoenix,84018
1994,108,Kevin Molina,KMolina55,1513971283,Mechanical Engineer,Denver,96344
1995,101,Jordan Espinoza,JEspinoza57,4860447391,Business Analyst,Hartford,109368
1996,108,Jennifer Barrett,JBarrett15,9230399635,Web Developer,St.Paul,87803
1997,103,Michaela Martinez,MMartinez50,3771591205,Data Engineer,Hartford,82039
1998,106,Cynthia Roberts,CRoberts74,8325377254,Data Architect,Denver,76064
1999,110,Ryan Reynolds,RReynolds25,1817367287,IT Specialist,Hartford,79735
2000,102,Carla Rice,CRice39,5987417620,Data Engineer,St.Paul,105930
